"k","V","minN","TheoryP","true.effect.dist","n","Phat.mn","Phat.bias.mn","Phat.bt.med.mn","Cover.mn","EmpVar","RMSE","N.tot","k.pretty","N.tot.pretty","minN.pretty","Norig.pretty","V.pretty","TheoryP.pretty","dist.pretty"
5,0.002,50,0.05,"expo",1024,0.3306640625,0.2806640625,NA,0.997490589711418,0.0664683757942324,0.381104568029873,250,"No. replications: 5","N =  250","N per replication =  50","N original =  ","V =  0.002","True P =  0.05","Exponential"
5,0.002,50,0.05,"normal",1024,0.381640625,0.331640625,NA,0.998806682577566,0.0737192998533722,0.428607984064416,250,"No. replications: 5","N =  250","N per replication =  50","N original =  ","V =  0.002","True P =  0.05","Normal"
5,0.002,50,0.05,"t.scaled",1024,0.3158203125,0.2658203125,NA,0.99874843554443,0.0584787008186707,0.359359345719947,250,"No. replications: 5","N =  250","N per replication =  50","N original =  ","V =  0.002","True P =  0.05","t"
5,0.002,50,0.05,"unif2",1024,0.4087890625,0.3587890625,NA,0.99537037037037,0.0753478968108501,0.451749364338766,250,"No. replications: 5","N =  250","N per replication =  50","N original =  ","V =  0.002","True P =  0.05","Uniform mixture"
5,0.002,50,0.1,"expo",1024,0.3849609375,0.2849609375,NA,0.996415770609319,0.0737129994501461,0.39359336294077,250,"No. replications: 5","N =  250","N per replication =  50","N original =  ","V =  0.002","True P =  0.10","Exponential"
5,0.002,50,0.1,"normal",1024,0.3791015625,0.2791015625,NA,0.995348837209302,0.0680281265273706,0.382002367423701,250,"No. replications: 5","N =  250","N per replication =  50","N original =  ","V =  0.002","True P =  0.10","Normal"
5,0.002,50,0.1,"t.scaled",1024,0.3759765625,0.2759765625,NA,0.99761620977354,0.0714066700268812,0.384148061398463,250,"No. replications: 5","N =  250","N per replication =  50","N original =  ","V =  0.002","True P =  0.10","t"
5,0.002,50,0.1,"unif2",1024,0.3943359375,0.2943359375,NA,0.997679814385151,0.0716394412878784,0.397835500416796,250,"No. replications: 5","N =  250","N per replication =  50","N original =  ","V =  0.002","True P =  0.10","Uniform mixture"
5,0.002,50,0.5,"normal",224,0.489285714285714,-0.0107142857142857,NA,0.95609756097561,0.0766559897501602,0.277075415128314,250,"No. replications: 5","N =  250","N per replication =  50","N original =  ","V =  0.002","True P =  0.50","Normal"
5,0.002,300,0.05,"expo",1024,0.203515625,0.153515625,NA,1,0.0415907563538615,0.255260266146148,1500,"No. replications: 5","N =  1500","N per replication =  300","N original =  ","V =  0.002","True P =  0.05","Exponential"
5,0.002,300,0.05,"normal",1024,0.221875,0.171875,NA,1,0.0447214076246338,0.272511326828141,1500,"No. replications: 5","N =  1500","N per replication =  300","N original =  ","V =  0.002","True P =  0.05","Normal"
5,0.002,300,0.05,"t.scaled",1024,0.18125,0.13125,NA,1,0.0360117302052786,0.230734246927669,1500,"No. replications: 5","N =  1500","N per replication =  300","N original =  ","V =  0.002","True P =  0.05","t"
5,0.002,300,0.05,"unif2",1024,0.26953125,0.21953125,NA,0.998620689655172,0.0567833577712611,0.324002048601276,1500,"No. replications: 5","N =  1500","N per replication =  300","N original =  ","V =  0.002","True P =  0.05","Uniform mixture"
5,0.002,300,0.1,"expo",1024,0.2728515625,0.1728515625,NA,1,0.0551762203690119,0.291639988732175,1500,"No. replications: 5","N =  1500","N per replication =  300","N original =  ","V =  0.002","True P =  0.10","Exponential"
5,0.002,300,0.1,"normal",1024,0.2841796875,0.1841796875,NA,1,0.058087693976051,0.303331256654583,1500,"No. replications: 5","N =  1500","N per replication =  300","N original =  ","V =  0.002","True P =  0.10","Normal"
5,0.002,300,0.1,"t.scaled",1024,0.2498046875,0.1498046875,NA,1,0.0522189256476052,0.273240498544008,1500,"No. replications: 5","N =  1500","N per replication =  300","N original =  ","V =  0.002","True P =  0.10","t"
5,0.002,300,0.1,"unif2",1024,0.290625,0.190625,NA,0.998689384010485,0.056842619745846,0.305254828579084,1500,"No. replications: 5","N =  1500","N per replication =  300","N original =  ","V =  0.002","True P =  0.10","Uniform mixture"
5,0.002,300,0.5,"normal",1024,0.4841796875,-0.0158203125,NA,0.960300429184549,0.0705217115713585,0.266030061945932,1500,"No. replications: 5","N =  1500","N per replication =  300","N original =  ","V =  0.002","True P =  0.50","Normal"
5,0.01,50,0.05,"expo",1024,0.2087890625,0.1587890625,NA,1,0.0478992164589441,0.270394494819279,250,"No. replications: 5","N =  250","N per replication =  50","N original =  ","V =  0.01","True P =  0.05","Exponential"
5,0.01,50,0.05,"normal",704,0.241477272727273,0.191477272727273,NA,1,0.053696818828398,0.300600007983154,250,"No. replications: 5","N =  250","N per replication =  50","N original =  ","V =  0.01","True P =  0.05","Normal"
5,0.01,50,0.05,"t.scaled",1024,0.1876953125,0.1376953125,NA,0.9967585089141,0.0381280165566963,0.238930985100654,250,"No. replications: 5","N =  250","N per replication =  50","N original =  ","V =  0.01","True P =  0.05","t"
5,0.01,50,0.05,"unif2",1024,0.2701171875,0.2201171875,NA,1,0.0546291162634413,0.321061820365411,250,"No. replications: 5","N =  250","N per replication =  50","N original =  ","V =  0.01","True P =  0.05","Uniform mixture"
5,0.01,50,0.1,"expo",1024,0.2958984375,0.1958984375,NA,0.998677248677249,0.0652031020894431,0.321837381148282,250,"No. replications: 5","N =  250","N per replication =  50","N original =  ","V =  0.01","True P =  0.10","Exponential"
5,0.01,50,0.1,"normal",1024,0.292578125,0.192578125,NA,1,0.0571882636852387,0.307041687582899,250,"No. replications: 5","N =  250","N per replication =  50","N original =  ","V =  0.01","True P =  0.10","Normal"
5,0.01,50,0.1,"t.scaled",1024,0.264453125,0.164453125,NA,1,0.0522249205767352,0.281548842830158,250,"No. replications: 5","N =  250","N per replication =  50","N original =  ","V =  0.01","True P =  0.10","t"
5,0.01,50,0.1,"unif2",1024,0.3134765625,0.2134765625,NA,0.997477931904161,0.0619100913367547,0.327844984822966,250,"No. replications: 5","N =  250","N per replication =  50","N original =  ","V =  0.01","True P =  0.10","Uniform mixture"
5,0.01,300,0.05,"expo",1024,0.0880859375,0.0380859375,NA,1,0.0182352379643203,0.14030601056111,1500,"No. replications: 5","N =  1500","N per replication =  300","N original =  ","V =  0.01","True P =  0.05","Exponential"
5,0.01,300,0.05,"normal",1024,0.1056640625,0.0556640625,NA,1,0.0213950620112413,0.156504152869006,1500,"No. replications: 5","N =  1500","N per replication =  300","N original =  ","V =  0.01","True P =  0.05","Normal"
5,0.01,300,0.05,"t.scaled",1024,0.07578125,0.02578125,NA,1,0.0154441593352882,0.12692057432446,1500,"No. replications: 5","N =  1500","N per replication =  300","N original =  ","V =  0.01","True P =  0.05","t"
5,0.01,300,0.05,"unif2",1024,0.152734375,0.102734375,NA,1,0.0294353311339199,0.199974205688035,1500,"No. replications: 5","N =  1500","N per replication =  300","N original =  ","V =  0.01","True P =  0.05","Uniform mixture"
5,0.01,300,0.1,"expo",1024,0.159765625,0.059765625,NA,1,0.0290345491202351,0.18057264203604,1500,"No. replications: 5","N =  1500","N per replication =  300","N original =  ","V =  0.01","True P =  0.10","Exponential"
5,0.01,300,0.1,"normal",1024,0.1595703125,0.0595703125,NA,1,0.0317167262341154,0.187790703618318,1500,"No. replications: 5","N =  1500","N per replication =  300","N original =  ","V =  0.01","True P =  0.10","Normal"
5,0.01,300,0.1,"t.scaled",1024,0.1435546875,0.0435546875,NA,1,0.0283650644550343,0.173959981772409,1500,"No. replications: 5","N =  1500","N per replication =  300","N original =  ","V =  0.01","True P =  0.10","t"
5,0.01,300,0.1,"unif2",1024,0.1744140625,0.0744140625,NA,1,0.0387191089320629,0.210372435527606,1500,"No. replications: 5","N =  1500","N per replication =  300","N original =  ","V =  0.01","True P =  0.10","Uniform mixture"
5,0.01,300,0.5,"normal",1024,0.4994140625,-0.0005859375,NA,0.933972310969116,0.0719449153836759,0.268226133526228,1500,"No. replications: 5","N =  1500","N per replication =  300","N original =  ","V =  0.01","True P =  0.50","Normal"
5,0.25,50,0.05,"expo",1024,0.059375,0.009375,NA,1,0.0110948191593354,0.105748332300492,250,"No. replications: 5","N =  250","N per replication =  50","N original =  ","V =  0.25","True P =  0.05","Exponential"
5,0.25,50,0.05,"normal",880,0.0563636363636364,0.00636363636363636,NA,1,0.0117455786534285,0.10856368877851,250,"No. replications: 5","N =  250","N per replication =  50","N original =  ","V =  0.25","True P =  0.05","Normal"
5,0.25,50,0.05,"t.scaled",1024,0.05625,0.00625,NA,1,0.0113000977517105,0.106485493151464,250,"No. replications: 5","N =  250","N per replication =  50","N original =  ","V =  0.25","True P =  0.05","t"
5,0.25,50,0.05,"unif2",1024,0.0935546875,0.0435546875,NA,1,0.0191959539956013,0.14523417228333,250,"No. replications: 5","N =  250","N per replication =  50","N original =  ","V =  0.25","True P =  0.05","Uniform mixture"
5,0.25,50,0.1,"expo",464,0.102586206896552,0.00258620689655172,NA,1,0.0188269903924928,0.137235851214632,250,"No. replications: 5","N =  250","N per replication =  50","N original =  ","V =  0.25","True P =  0.10","Exponential"
5,0.25,50,0.1,"normal",1024,0.106640625,0.006640625,NA,1,0.0220086449169111,0.148501659308244,250,"No. replications: 5","N =  250","N per replication =  50","N original =  ","V =  0.25","True P =  0.10","Normal"
5,0.25,50,0.1,"t.scaled",688,0.125,0.025,NA,1,0.0240611353711791,0.1571182210031,250,"No. replications: 5","N =  250","N per replication =  50","N original =  ","V =  0.25","True P =  0.10","t"
5,0.25,50,0.1,"unif2",1024,0.113671875,0.013671875,NA,1,0.0222566898826981,0.149811915576545,250,"No. replications: 5","N =  250","N per replication =  50","N original =  ","V =  0.25","True P =  0.10","Uniform mixture"
5,0.25,300,0.05,"expo",1024,0.0515625,0.0015625,NA,1,0.00961632453567929,0.0980753075036183,1500,"No. replications: 5","N =  1500","N per replication =  300","N original =  ","V =  0.25","True P =  0.05","Exponential"
5,0.25,300,0.05,"normal",1024,0.050390625,0.000390624999999996,NA,1,0.0101269244868036,0.100633379525355,1500,"No. replications: 5","N =  1500","N per replication =  300","N original =  ","V =  0.25","True P =  0.05","Normal"
5,0.25,300,0.05,"t.scaled",1024,0.05390625,0.00390625,NA,1,0.0103855083088953,0.101984151209675,1500,"No. replications: 5","N =  1500","N per replication =  300","N original =  ","V =  0.25","True P =  0.05","t"
5,0.25,300,0.05,"unif2",1024,0.0693359375,0.0193359375,NA,1,0.0131350424608993,0.116227883659229,1500,"No. replications: 5","N =  1500","N per replication =  300","N original =  ","V =  0.25","True P =  0.05","Uniform mixture"
5,0.25,300,0.1,"expo",1024,0.1109375,0.0109375,NA,1,0.0192741935483874,0.139261704910709,1500,"No. replications: 5","N =  1500","N per replication =  300","N original =  ","V =  0.25","True P =  0.10","Exponential"
5,0.25,300,0.1,"normal",1024,0.099609375,-0.000390625000000003,NA,1,0.0188463770772238,0.137282663381486,1500,"No. replications: 5","N =  1500","N per replication =  300","N original =  ","V =  0.25","True P =  0.10","Normal"
5,0.25,300,0.1,"t.scaled",1024,0.097265625,-0.002734375,NA,1,0.0169622128543499,0.130267761403159,1500,"No. replications: 5","N =  1500","N per replication =  300","N original =  ","V =  0.25","True P =  0.10","t"
5,0.25,300,0.1,"unif2",1024,0.105859375,0.005859375,NA,1,0.0199851845063539,0.141490341655339,1500,"No. replications: 5","N =  1500","N per replication =  300","N original =  ","V =  0.25","True P =  0.10","Uniform mixture"
5,0.25,300,0.5,"normal",1024,0.50390625,0.00390625,NA,0.855648535564854,0.0533180596285439,0.230940075382352,1500,"No. replications: 5","N =  1500","N per replication =  300","N original =  ","V =  0.25","True P =  0.50","Normal"
10,0.002,50,0.05,"expo",1024,0.29921875,0.24921875,NA,1,0.0517491446725321,0.337430185407433,500,"No. replications: 10","N =  500","N per replication =  50","N original =  ","V =  0.002","True P =  0.05","Exponential"
10,0.002,50,0.05,"normal",1024,0.32236328125,0.27236328125,NA,0.995433789954338,0.0559705580248043,0.360766288610883,500,"No. replications: 10","N =  500","N per replication =  50","N original =  ","V =  0.002","True P =  0.05","Normal"
10,0.002,50,0.05,"t.scaled",1024,0.2625,0.2125,NA,0.998796630565584,0.0418768328445749,0.295013699418476,500,"No. replications: 10","N =  500","N per replication =  50","N original =  ","V =  0.002","True P =  0.05","t"
10,0.002,50,0.05,"unif2",1024,0.34609375,0.29609375,NA,0.997762863534676,0.0571108260019549,0.380502739531554,500,"No. replications: 10","N =  500","N per replication =  50","N original =  ","V =  0.002","True P =  0.05","Uniform mixture"
10,0.002,50,0.1,"expo",1024,0.3513671875,0.2513671875,NA,0.998871331828442,0.0568114232038121,0.346405667037178,500,"No. replications: 10","N =  500","N per replication =  50","N original =  ","V =  0.002","True P =  0.10","Exponential"
10,0.002,50,0.1,"normal",1024,0.3560546875,0.2560546875,NA,0.997762863534676,0.0598655532135872,0.354160353800803,500,"No. replications: 10","N =  500","N per replication =  50","N original =  ","V =  0.002","True P =  0.10","Normal"
10,0.002,50,0.1,"t.scaled",1024,0.3126953125,0.2126953125,NA,1,0.0502394535068425,0.308996358338274,500,"No. replications: 10","N =  500","N per replication =  50","N original =  ","V =  0.002","True P =  0.10","t"
10,0.002,50,0.1,"unif2",1024,0.37021484375,0.27021484375,NA,0.998911860718172,0.0569125637677175,0.360456135404232,500,"No. replications: 10","N =  500","N per replication =  50","N original =  ","V =  0.002","True P =  0.10","Uniform mixture"
10,0.002,50,0.5,"normal",1024,0.4994140625,-0.0005859375,NA,0.995918367346939,0.0592371929985337,0.243387625653581,500,"No. replications: 10","N =  500","N per replication =  50","N original =  ","V =  0.002","True P =  0.50","Normal"
10,0.002,300,0.05,"expo",1024,0.13876953125,0.08876953125,NA,1,0.0207535186797409,0.169214503982624,3000,"No. replications: 10","N =  3000","N per replication =  300","N original =  ","V =  0.002","True P =  0.05","Exponential"
10,0.002,300,0.05,"normal",1024,0.183203125,0.133203125,NA,1,0.0300597201857283,0.218638497743407,3000,"No. replications: 10","N =  3000","N per replication =  300","N original =  ","V =  0.002","True P =  0.05","Normal"
10,0.002,300,0.05,"t.scaled",1024,0.134765625,0.084765625,NA,0.996941896024465,0.0196894855816226,0.163935038241564,3000,"No. replications: 10","N =  3000","N per replication =  300","N original =  ","V =  0.002","True P =  0.05","t"
10,0.002,300,0.05,"unif2",1024,0.22392578125,0.17392578125,NA,0.99874843554443,0.0344709856885383,0.254403543748827,3000,"No. replications: 10","N =  3000","N per replication =  300","N original =  ","V =  0.002","True P =  0.05","Uniform mixture"
10,0.002,300,0.1,"expo",1024,0.22216796875,0.12216796875,NA,1,0.0345911897452346,0.222522363671015,3000,"No. replications: 10","N =  3000","N per replication =  300","N original =  ","V =  0.002","True P =  0.10","Exponential"
10,0.002,300,0.1,"normal",1024,0.23447265625,0.13447265625,NA,1,0.0373344234940126,0.235408833251735,3000,"No. replications: 10","N =  3000","N per replication =  300","N original =  ","V =  0.002","True P =  0.10","Normal"
10,0.002,300,0.1,"t.scaled",1024,0.20595703125,0.10595703125,NA,1,0.028928310957356,0.200387632923465,3000,"No. replications: 10","N =  3000","N per replication =  300","N original =  ","V =  0.002","True P =  0.10","t"
10,0.002,300,0.1,"unif2",1024,0.23759765625,0.13759765625,NA,1,0.0374999904539347,0.237556531081399,3000,"No. replications: 10","N =  3000","N per replication =  300","N original =  ","V =  0.002","True P =  0.10","Uniform mixture"
10,0.002,300,0.5,"normal",976,0.492315573770492,-0.0076844262295082,NA,0.992545260915868,0.057489606977722,0.239893012370512,3000,"No. replications: 10","N =  3000","N per replication =  300","N original =  ","V =  0.002","True P =  0.50","Normal"
10,0.01,50,0.05,"expo",1024,0.15869140625,0.10869140625,NA,1,0.0253007297012463,0.192651372935281,500,"No. replications: 10","N =  500","N per replication =  50","N original =  ","V =  0.01","True P =  0.05","Exponential"
10,0.01,50,0.05,"normal",816,0.198161764705882,0.148161764705882,NA,1,0.0302174756405631,0.228406182406091,500,"No. replications: 10","N =  500","N per replication =  50","N original =  ","V =  0.01","True P =  0.05","Normal"
10,0.01,50,0.05,"t.scaled",1024,0.13251953125,0.08251953125,NA,1,0.0189512215145406,0.160501384892033,500,"No. replications: 10","N =  500","N per replication =  50","N original =  ","V =  0.01","True P =  0.05","t"
10,0.01,50,0.05,"unif2",1024,0.2236328125,0.1736328125,NA,0.998699609882965,0.0374859100073313,0.260065883160386,500,"No. replications: 10","N =  500","N per replication =  50","N original =  ","V =  0.01","True P =  0.05","Uniform mixture"
10,0.01,50,0.1,"expo",1024,0.23984375,0.13984375,NA,1,0.040991568914956,0.246064713701535,500,"No. replications: 10","N =  500","N per replication =  50","N original =  ","V =  0.01","True P =  0.10","Exponential"
10,0.01,50,0.1,"normal",1024,0.240625,0.140625,NA,1,0.03950146627566,0.243468389941405,500,"No. replications: 10","N =  500","N per replication =  50","N original =  ","V =  0.01","True P =  0.10","Normal"
10,0.01,50,0.1,"t.scaled",1024,0.2099609375,0.1099609375,NA,0.998708010335917,0.0341333318059628,0.214999394375523,500,"No. replications: 10","N =  500","N per replication =  50","N original =  ","V =  0.01","True P =  0.10","t"
10,0.01,50,0.1,"unif2",1024,0.246875,0.146875,NA,1,0.0397165200391007,0.247565719888883,500,"No. replications: 10","N =  500","N per replication =  50","N original =  ","V =  0.01","True P =  0.10","Uniform mixture"
10,0.01,300,0.05,"expo",1024,0.061328125,0.011328125,NA,1,0.00692922165200389,0.084009214185228,3000,"No. replications: 10","N =  3000","N per replication =  300","N original =  ","V =  0.01","True P =  0.05","Exponential"
10,0.01,300,0.05,"normal",1024,0.076171875,0.026171875,NA,0.997881355932203,0.0104385080645161,0.105467886607876,3000,"No. replications: 10","N =  3000","N per replication =  300","N original =  ","V =  0.01","True P =  0.05","Normal"
10,0.01,300,0.05,"t.scaled",1024,0.06083984375,0.01083984375,NA,1,0.0070573584891251,0.0847045494743317,3000,"No. replications: 10","N =  3000","N per replication =  300","N original =  ","V =  0.01","True P =  0.05","t"
10,0.01,300,0.05,"unif2",1024,0.1166015625,0.0666015625,NA,1,0.0157162985703811,0.14195797511173,3000,"No. replications: 10","N =  3000","N per replication =  300","N original =  ","V =  0.01","True P =  0.05","Uniform mixture"
10,0.01,300,0.1,"expo",1024,0.128515625,0.028515625,NA,1,0.0177588892961877,0.136279236002145,3000,"No. replications: 10","N =  3000","N per replication =  300","N original =  ","V =  0.01","True P =  0.10","Exponential"
10,0.01,300,0.1,"normal",1024,0.12529296875,0.02529296875,NA,1,0.0176294351020285,0.135163491262312,3000,"No. replications: 10","N =  3000","N per replication =  300","N original =  ","V =  0.01","True P =  0.10","Normal"
10,0.01,300,0.1,"t.scaled",1024,0.12822265625,0.02822265625,NA,1,0.015732517335655,0.128565297267422,3000,"No. replications: 10","N =  3000","N per replication =  300","N original =  ","V =  0.01","True P =  0.10","t"
10,0.01,300,0.1,"unif2",208,0.128365384615385,0.0283653846153846,NA,1,0.0175006967670011,0.135297050268584,3000,"No. replications: 10","N =  3000","N per replication =  300","N original =  ","V =  0.01","True P =  0.10","Uniform mixture"
10,0.01,300,0.5,"normal",1024,0.48828125,-0.01171875,NA,0.987841945288754,0.051260386119257,0.226710642054623,3000,"No. replications: 10","N =  3000","N per replication =  300","N original =  ","V =  0.01","True P =  0.50","Normal"
10,0.25,50,0.05,"expo",1024,0.0521484375,0.0021484375,NA,1,0.00552812652737044,0.0743824059241286,500,"No. replications: 10","N =  500","N per replication =  50","N original =  ","V =  0.25","True P =  0.05","Exponential"
10,0.25,50,0.05,"normal",880,0.0489772727272727,-0.00102272727272727,NA,1,0.0053231849208812,0.0729673275648463,500,"No. replications: 10","N =  500","N per replication =  50","N original =  ","V =  0.25","True P =  0.05","Normal"
10,0.25,50,0.05,"t.scaled",1024,0.04970703125,-0.000292968750000001,NA,1,0.0049657009866813,0.0704683391131775,500,"No. replications: 10","N =  500","N per replication =  50","N original =  ","V =  0.25","True P =  0.05","t"
10,0.25,50,0.05,"unif2",1024,0.0875,0.0375,NA,1,0.0096774193548387,0.105279007189652,500,"No. replications: 10","N =  500","N per replication =  50","N original =  ","V =  0.25","True P =  0.05","Uniform mixture"
10,0.25,50,0.1,"expo",1024,0.0921875,-0.0078125,NA,1,0.0105156402737048,0.102842964902587,500,"No. replications: 10","N =  500","N per replication =  50","N original =  ","V =  0.25","True P =  0.10","Exponential"
10,0.25,50,0.1,"normal",1024,0.09169921875,-0.00830078125,NA,1,0.0100483317295944,0.100584465495198,500,"No. replications: 10","N =  500","N per replication =  50","N original =  ","V =  0.25","True P =  0.10","Normal"
10,0.25,50,0.1,"t.scaled",640,0.1028125,0.0028125,NA,1,0.010665003912363,0.103309796576186,500,"No. replications: 10","N =  500","N per replication =  50","N original =  ","V =  0.25","True P =  0.10","t"
10,0.25,50,0.1,"unif2",1024,0.1166015625,0.0166015625,NA,0.998505231689088,0.0131552037512219,0.115891395835339,500,"No. replications: 10","N =  500","N per replication =  50","N original =  ","V =  0.25","True P =  0.10","Uniform mixture"
10,0.25,300,0.05,"expo",1024,0.04501953125,-0.00498046875,NA,0.994594594594595,0.00456950108443303,0.0677813112399189,3000,"No. replications: 10","N =  3000","N per replication =  300","N original =  ","V =  0.25","True P =  0.05","Exponential"
10,0.25,300,0.05,"normal",1024,0.051171875,0.001171875,NA,0.997512437810945,0.00547272116324525,0.0739871235706652,3000,"No. replications: 10","N =  3000","N per replication =  300","N original =  ","V =  0.25","True P =  0.05","Normal"
10,0.25,300,0.05,"t.scaled",1024,0.049609375,-0.000390625000000001,NA,1,0.00447687561094818,0.0669105985538824,3000,"No. replications: 10","N =  3000","N per replication =  300","N original =  ","V =  0.25","True P =  0.05","t"
10,0.25,300,0.05,"unif2",1024,0.06650390625,0.01650390625,NA,1,0.00586616225256606,0.0783488428381355,3000,"No. replications: 10","N =  3000","N per replication =  300","N original =  ","V =  0.25","True P =  0.05","Uniform mixture"
10,0.25,300,0.1,"expo",144,0.0854166666666667,-0.0145833333333333,NA,1,0.00754807692307692,0.0880951220794207,3000,"No. replications: 10","N =  3000","N per replication =  300","N original =  ","V =  0.25","True P =  0.10","Exponential"
10,0.25,300,0.1,"normal",1024,0.1044921875,0.0044921875,NA,0.998500749625187,0.0101068777492669,0.100633282256925,3000,"No. replications: 10","N =  3000","N per replication =  300","N original =  ","V =  0.25","True P =  0.10","Normal"
10,0.25,300,0.1,"t.scaled",1024,0.09638671875,-0.00361328125,NA,1,0.00871615919782511,0.0934302681105899,3000,"No. replications: 10","N =  3000","N per replication =  300","N original =  ","V =  0.25","True P =  0.10","t"
10,0.25,300,0.1,"unif2",1024,0.1056640625,0.0056640625,NA,1,0.0100363132331379,0.100341391445115,3000,"No. replications: 10","N =  3000","N per replication =  300","N original =  ","V =  0.25","True P =  0.10","Uniform mixture"
10,0.25,300,0.5,"normal",208,0.495192307692308,-0.00480769230769231,0.496153846153846,0.961538461538462,0.0234550353028613,0.153225811168311,3000,"No. replications: 10","N =  3000","N per replication =  300","N original =  ","V =  0.25","True P =  0.50","Normal"
15,0.002,50,0.05,"expo",1024,0.27109375,0.22109375,NA,0.996539792387543,0.0419918947539916,0.301453712936255,750,"No. replications: 15","N =  750","N per replication =  50","N original =  ","V =  0.002","True P =  0.05","Exponential"
15,0.002,50,0.05,"normal",1024,0.299674479166667,0.249674479166667,NA,0.998883928571429,0.0450525712433474,0.327704007895072,750,"No. replications: 15","N =  750","N per replication =  50","N original =  ","V =  0.002","True P =  0.05","Normal"
15,0.002,50,0.05,"t.scaled",1024,0.2345703125,0.1845703125,NA,1,0.0326084390613119,0.258214328257863,750,"No. replications: 15","N =  750","N per replication =  50","N original =  ","V =  0.002","True P =  0.05","t"
15,0.002,50,0.05,"unif2",1024,0.3369140625,0.2869140625,NA,0.996659242761693,0.0516565478372431,0.366027631603814,750,"No. replications: 15","N =  750","N per replication =  50","N original =  ","V =  0.002","True P =  0.05","Uniform mixture"
15,0.002,50,0.1,"expo",1024,0.330078125,0.230078125,NA,0.997782705099778,0.0515501622406868,0.323243106414046,750,"No. replications: 15","N =  750","N per replication =  50","N original =  ","V =  0.002","True P =  0.10","Exponential"
15,0.002,50,0.1,"normal",1024,0.351497395833333,0.251497395833333,NA,0.998911860718172,0.0543281563959485,0.342898084723285,750,"No. replications: 15","N =  750","N per replication =  50","N original =  ","V =  0.002","True P =  0.10","Normal"
15,0.002,50,0.1,"t.scaled",1024,0.301236979166667,0.201236979166667,NA,0.997765363128492,0.043574008736559,0.289948841212867,750,"No. replications: 15","N =  750","N per replication =  50","N original =  ","V =  0.002","True P =  0.10","t"
15,0.002,50,0.1,"unif2",1024,0.336653645833333,0.236653645833333,NA,0.998895027624309,0.0501812097792445,0.325862176181055,750,"No. replications: 15","N =  750","N per replication =  50","N original =  ","V =  0.002","True P =  0.10","Uniform mixture"
15,0.002,50,0.5,"normal",1024,0.486067708333333,-0.0139322916666667,NA,0.997967479674797,0.0615674045563162,0.248518637746551,750,"No. replications: 15","N =  750","N per replication =  50","N original =  ","V =  0.002","True P =  0.50","Normal"
15,0.002,300,0.05,"expo",1024,0.11640625,0.06640625,NA,0.998520710059172,0.0144845633756924,0.137456732882587,4500,"No. replications: 15","N =  4500","N per replication =  300","N original =  ","V =  0.002","True P =  0.05","Exponential"
15,0.002,300,0.05,"normal",1024,0.157291666666667,0.107291666666667,NA,0.994851994851995,0.0198968176387532,0.177223924386253,4500,"No. replications: 15","N =  4500","N per replication =  300","N original =  ","V =  0.002","True P =  0.05","Normal"
15,0.002,300,0.05,"t.scaled",1024,0.1140625,0.0640625,NA,0.99568345323741,0.0128877484522647,0.130352416005668,4500,"No. replications: 15","N =  4500","N per replication =  300","N original =  ","V =  0.002","True P =  0.05","t"
15,0.002,300,0.05,"unif2",1024,0.20546875,0.15546875,NA,0.996372430471584,0.0273926767676768,0.22707533770588,4500,"No. replications: 15","N =  4500","N per replication =  300","N original =  ","V =  0.002","True P =  0.05","Uniform mixture"
15,0.002,300,0.1,"expo",1024,0.199934895833333,0.0999348958333334,NA,1,0.0265754274940259,0.191212998771645,4500,"No. replications: 15","N =  4500","N per replication =  300","N original =  ","V =  0.002","True P =  0.10","Exponential"
15,0.002,300,0.1,"normal",1024,0.2029296875,0.1029296875,NA,0.997604790419162,0.0257240033059083,0.190574195196401,4500,"No. replications: 15","N =  4500","N per replication =  300","N original =  ","V =  0.002","True P =  0.10","Normal"
15,0.002,300,0.1,"t.scaled",1024,0.184375,0.084375,NA,1,0.0208439231019876,0.167221600659088,4500,"No. replications: 15","N =  4500","N per replication =  300","N original =  ","V =  0.002","True P =  0.10","t"
15,0.002,300,0.1,"unif2",1024,0.212369791666667,0.112369791666667,NA,0.996470588235294,0.026600395758662,0.198058995851923,4500,"No. replications: 15","N =  4500","N per replication =  300","N original =  ","V =  0.002","True P =  0.10","Uniform mixture"
15,0.002,300,0.5,"normal",1024,0.489192708333333,-0.0108072916666667,NA,0.995975855130785,0.0533554462637123,0.231240662118237,4500,"No. replications: 15","N =  4500","N per replication =  300","N original =  ","V =  0.002","True P =  0.50","Normal"
15,0.01,50,0.05,"expo",1024,0.123763020833333,0.0737630208333333,NA,0.996955859969559,0.0173776364111545,0.151058331956941,750,"No. replications: 15","N =  750","N per replication =  50","N original =  ","V =  0.01","True P =  0.05","Exponential"
15,0.01,50,0.05,"normal",720,0.167222222222222,0.117222222222222,NA,1,0.0240948848709626,0.194514611928458,750,"No. replications: 15","N =  750","N per replication =  50","N original =  ","V =  0.01","True P =  0.05","Normal"
15,0.01,50,0.05,"t.scaled",1024,0.112369791666667,0.0623697916666667,NA,0.995601173020528,0.0137145480341045,0.132682097310255,750,"No. replications: 15","N =  750","N per replication =  50","N original =  ","V =  0.01","True P =  0.05","t"
15,0.01,50,0.05,"unif2",1024,0.196940104166667,0.146940104166667,NA,0.998766954377312,0.0277390801496143,0.222104647322214,750,"No. replications: 15","N =  750","N per replication =  50","N original =  ","V =  0.01","True P =  0.05","Uniform mixture"
15,0.01,50,0.1,"expo",1024,0.19921875,0.09921875,NA,0.998768472906404,0.0271265748886718,0.192278275528553,750,"No. replications: 15","N =  750","N per replication =  50","N original =  ","V =  0.01","True P =  0.10","Exponential"
15,0.01,50,0.1,"normal",208,0.22724358974359,0.12724358974359,NA,1,0.0359477063462571,0.228338865454596,750,"No. replications: 15","N =  750","N per replication =  50","N original =  ","V =  0.01","True P =  0.10","Normal"
15,0.01,50,0.1,"t.scaled",1024,0.1830078125,0.0830078125,NA,1,0.0274246794219075,0.185243019727985,750,"No. replications: 15","N =  750","N per replication =  50","N original =  ","V =  0.01","True P =  0.10","t"
15,0.01,50,0.1,"unif2",1024,0.224739583333333,0.124739583333333,NA,0.998792270531401,0.0311023541870315,0.216014624128102,750,"No. replications: 15","N =  750","N per replication =  50","N original =  ","V =  0.01","True P =  0.10","Uniform mixture"
15,0.01,300,0.05,"expo",1024,0.05390625,0.00390625000000001,NA,1,0.00537193168241559,0.0733974827325712,4500,"No. replications: 15","N =  4500","N per replication =  300","N original =  ","V =  0.01","True P =  0.05","Exponential"
15,0.01,300,0.05,"normal",1024,0.0676432291666666,0.0176432291666667,NA,0.996376811594203,0.00646803637857061,0.0823366255927344,4500,"No. replications: 15","N =  4500","N per replication =  300","N original =  ","V =  0.01","True P =  0.05","Normal"
15,0.01,300,0.05,"t.scaled",1024,0.0603515625,0.0103515625,NA,0.992673992673993,0.0049780016224069,0.0713102830494895,4500,"No. replications: 15","N =  4500","N per replication =  300","N original =  ","V =  0.01","True P =  0.05","t"
15,0.01,300,0.05,"unif2",1024,0.105729166666667,0.0557291666666667,NA,0.990922844175492,0.0121752470946019,0.123616289832542,4500,"No. replications: 15","N =  4500","N per replication =  300","N original =  ","V =  0.01","True P =  0.05","Uniform mixture"
15,0.01,300,0.1,"expo",1024,0.111458333333333,0.0114583333333333,NA,0.997109826589595,0.0115814054523732,0.108225222823291,4500,"No. replications: 15","N =  4500","N per replication =  300","N original =  ","V =  0.01","True P =  0.10","Exponential"
15,0.01,300,0.1,"normal",1024,0.109765625,0.00976562500000001,NA,0.998591549295775,0.0109135542250461,0.10492340852587,4500,"No. replications: 15","N =  4500","N per replication =  300","N original =  ","V =  0.01","True P =  0.10","Normal"
15,0.01,300,0.1,"t.scaled",1024,0.118815104166667,0.0188151041666667,NA,0.996103896103896,0.0103505442530141,0.103462806833261,4500,"No. replications: 15","N =  4500","N per replication =  300","N original =  ","V =  0.01","True P =  0.10","t"
15,0.01,300,0.1,"unif2",1024,0.122200520833333,0.0222005208333334,NA,0.998644986449865,0.0120188740564245,0.111855876831286,4500,"No. replications: 15","N =  4500","N per replication =  300","N original =  ","V =  0.01","True P =  0.10","Uniform mixture"
15,0.01,300,0.5,"normal",1024,0.486848958333333,-0.0131510416666667,NA,0.977091633466135,0.0381281735364398,0.195706728124912,4500,"No. replications: 15","N =  4500","N per replication =  300","N original =  ","V =  0.01","True P =  0.50","Normal"
15,0.25,50,0.05,"expo",1024,0.0401041666666666,-0.00989583333333333,NA,1,0.00312561094819154,0.0567762139064648,750,"No. replications: 15","N =  750","N per replication =  50","N original =  ","V =  0.25","True P =  0.05","Exponential"
15,0.25,50,0.05,"normal",912,0.0468567251461988,-0.00314327485380116,NA,0.997647058823529,0.00363201652747551,0.0603481292525464,750,"No. replications: 15","N =  750","N per replication =  50","N original =  ","V =  0.25","True P =  0.05","Normal"
15,0.25,50,0.05,"t.scaled",1024,0.0487630208333333,-0.00123697916666666,NA,0.99624765478424,0.00320255223607033,0.056604614242384,750,"No. replications: 15","N =  750","N per replication =  50","N original =  ","V =  0.25","True P =  0.05","t"
15,0.25,50,0.05,"unif2",1024,0.085546875,0.035546875,NA,0.988555078683834,0.00661180012490496,0.0887433402975715,750,"No. replications: 15","N =  750","N per replication =  50","N original =  ","V =  0.25","True P =  0.05","Uniform mixture"
15,0.25,50,0.1,"expo",1024,0.0881510416666666,-0.0118489583333333,NA,0.998579545454545,0.00684545386662319,0.0835814075031538,750,"No. replications: 15","N =  750","N per replication =  50","N original =  ","V =  0.25","True P =  0.10","Exponential"
15,0.25,50,0.1,"normal",1024,0.101627604166667,0.00162760416666668,NA,0.998646820027064,0.00825193721489082,0.0908547539219285,750,"No. replications: 15","N =  750","N per replication =  50","N original =  ","V =  0.25","True P =  0.10","Normal"
15,0.25,50,0.1,"t.scaled",320,0.0956249999999999,-0.00437499999999998,NA,0.995850622406639,0.00700274294670845,0.083796679956359,750,"No. replications: 15","N =  750","N per replication =  50","N original =  ","V =  0.25","True P =  0.10","t"
15,0.25,50,0.1,"unif2",1024,0.102864583333333,0.00286458333333335,NA,0.998694516971279,0.00770765450200942,0.0878399700573892,750,"No. replications: 15","N =  750","N per replication =  50","N original =  ","V =  0.25","True P =  0.10","Uniform mixture"
15,0.25,300,0.05,"expo",1024,0.0445963541666666,-0.00540364583333333,NA,0.997991967871486,0.00292287373058542,0.054332983710427,4500,"No. replications: 15","N =  4500","N per replication =  300","N original =  ","V =  0.25","True P =  0.05","Exponential"
15,0.25,300,0.05,"normal",1024,0.04609375,-0.00390624999999999,NA,0.996197718631179,0.00287817693059625,0.0537906657298342,4500,"No. replications: 15","N =  4500","N per replication =  300","N original =  ","V =  0.25","True P =  0.05","Normal"
15,0.25,300,0.05,"t.scaled",1024,0.0520833333333333,0.00208333333333334,NA,0.996309963099631,0.00352340610405129,0.0593948346392939,4500,"No. replications: 15","N =  4500","N per replication =  300","N original =  ","V =  0.25","True P =  0.05","t"
15,0.25,300,0.05,"unif2",1024,0.0676432291666666,0.0176432291666667,NA,0.981623277182236,0.00446086791978928,0.0690807603838927,4500,"No. replications: 15","N =  4500","N per replication =  300","N original =  ","V =  0.25","True P =  0.05","Uniform mixture"
15,0.25,300,0.1,"expo",1024,0.0966796874999999,-0.00332031249999999,NA,0.997405966277562,0.00642754409009445,0.0802406914550972,4500,"No. replications: 15","N =  4500","N per replication =  300","N original =  ","V =  0.25","True P =  0.10","Exponential"
15,0.25,300,0.1,"normal",1024,0.0996093749999999,-0.000390624999999985,NA,1,0.00642104852286307,0.0801323973855375,4500,"No. replications: 15","N =  4500","N per replication =  300","N original =  ","V =  0.25","True P =  0.10","Normal"
15,0.25,300,0.1,"t.scaled",1024,0.0987630208333333,-0.00123697916666666,NA,0.996168582375479,0.00619375458211145,0.0787101308572805,4500,"No. replications: 15","N =  4500","N per replication =  300","N original =  ","V =  0.25","True P =  0.10","t"
15,0.25,300,0.1,"unif2",416,0.103044871794872,0.00304487179487181,NA,0.990595611285266,0.0076372927607867,0.0874446339407622,4500,"No. replications: 15","N =  4500","N per replication =  300","N original =  ","V =  0.25","True P =  0.10","Uniform mixture"
15,0.25,300,0.5,"normal",1024,0.498567708333333,-0.00143229166666666,0.498763020833333,0.9501953125,0.0168286188497883,0.129733073305178,4500,"No. replications: 15","N =  4500","N per replication =  300","N original =  ","V =  0.25","True P =  0.50","Normal"
20,0.002,50,0.05,"expo",1024,0.236669921875,0.186669921875,NA,0.995271867612293,0.0322194960250186,0.258969410853555,1000,"No. replications: 20","N =  1000","N per replication =  50","N original =  ","V =  0.002","True P =  0.05","Exponential"
20,0.002,50,0.05,"normal",1008,0.270138888888889,0.220138888888889,NA,0.997682502896871,0.0388839926073044,0.29554208331224,1000,"No. replications: 20","N =  1000","N per replication =  50","N original =  ","V =  0.002","True P =  0.05","Normal"
20,0.002,50,0.05,"t.scaled",1024,0.23232421875,0.18232421875,NA,0.997647058823529,0.0317791479563782,0.254992683618915,1000,"No. replications: 20","N =  1000","N per replication =  50","N original =  ","V =  0.002","True P =  0.05","t"
20,0.002,50,0.05,"unif2",1024,0.3095703125,0.2595703125,NA,0.992239467849224,0.0425036275048877,0.331482087956854,1000,"No. replications: 20","N =  1000","N per replication =  50","N original =  ","V =  0.002","True P =  0.05","Uniform mixture"
20,0.002,50,0.1,"expo",1024,0.325439453125,0.225439453125,NA,0.996756756756757,0.044164029566074,0.308199572665786,1000,"No. replications: 20","N =  1000","N per replication =  50","N original =  ","V =  0.002","True P =  0.10","Exponential"
20,0.002,50,0.1,"normal",1024,0.3021484375,0.2021484375,NA,0.996662958843159,0.0429083806818182,0.289434571994276,1000,"No. replications: 20","N =  1000","N per replication =  50","N original =  ","V =  0.002","True P =  0.10","Normal"
20,0.002,50,0.1,"t.scaled",1024,0.277490234375,0.177490234375,NA,0.996640537513998,0.0365529324558589,0.260874904416564,1000,"No. replications: 20","N =  1000","N per replication =  50","N original =  ","V =  0.002","True P =  0.10","t"
20,0.002,50,0.1,"unif2",1024,0.32783203125,0.22783203125,NA,0.994535519125683,0.0459401633522728,0.312806006681096,1000,"No. replications: 20","N =  1000","N per replication =  50","N original =  ","V =  0.002","True P =  0.10","Uniform mixture"
20,0.002,50,0.5,"normal",1024,0.48857421875,-0.01142578125,NA,0.996963562753036,0.0506953258644918,0.225445945498394,1000,"No. replications: 20","N =  1000","N per replication =  50","N original =  ","V =  0.002","True P =  0.50","Normal"
20,0.002,300,0.05,"expo",1024,0.099169921875,0.049169921875,NA,0.998533724340176,0.0112236504727212,0.116796111621555,6000,"No. replications: 20","N =  6000","N per replication =  300","N original =  ","V =  0.002","True P =  0.05","Exponential"
20,0.002,300,0.05,"normal",1024,0.135400390625,0.085400390625,NA,1,0.0153804846919293,0.15057792471286,6000,"No. replications: 20","N =  6000","N per replication =  300","N original =  ","V =  0.002","True P =  0.05","Normal"
20,0.002,300,0.05,"t.scaled",1024,0.101513671875,0.051513671875,NA,0.995726495726496,0.0103129558246272,0.113871042037352,6000,"No. replications: 20","N =  6000","N per replication =  300","N original =  ","V =  0.002","True P =  0.05","t"
20,0.002,300,0.05,"unif2",1024,0.178759765625,0.128759765625,NA,0.995133819951338,0.0218333576758002,0.195990905196147,6000,"No. replications: 20","N =  6000","N per replication =  300","N original =  ","V =  0.002","True P =  0.05","Uniform mixture"
20,0.002,300,0.1,"expo",1024,0.19140625,0.09140625,NA,0.998823529411765,0.0226680107526883,0.176133793724404,6000,"No. replications: 20","N =  6000","N per replication =  300","N original =  ","V =  0.002","True P =  0.10","Exponential"
20,0.002,300,0.1,"normal",1024,0.193115234375,0.093115234375,NA,1,0.0214799241469635,0.173638621912507,6000,"No. replications: 20","N =  6000","N per replication =  300","N original =  ","V =  0.002","True P =  0.10","Normal"
20,0.002,300,0.1,"t.scaled",1024,0.171923828125,0.071923828125,NA,0.995316159250585,0.017497859294813,0.150568576890955,6000,"No. replications: 20","N =  6000","N per replication =  300","N original =  ","V =  0.002","True P =  0.10","t"
20,0.002,300,0.1,"unif2",1024,0.196630859375,0.096630859375,NA,0.996437054631829,0.0225375136508737,0.178535813310452,6000,"No. replications: 20","N =  6000","N per replication =  300","N original =  ","V =  0.002","True P =  0.10","Uniform mixture"
20,0.002,300,0.5,"normal",1024,0.503759765625,0.003759765625,NA,0.998013902681231,0.0450518327491141,0.212287466861963,6000,"No. replications: 20","N =  6000","N per replication =  300","N original =  ","V =  0.002","True P =  0.50","Normal"
20,0.01,50,0.05,"expo",1024,0.106005859375,0.056005859375,NA,1,0.0123612550975989,0.124490607605277,1000,"No. replications: 20","N =  1000","N per replication =  50","N original =  ","V =  0.01","True P =  0.05","Exponential"
20,0.01,50,0.05,"normal",688,0.137863372093023,0.0878633720930233,NA,0.996007984031936,0.0169449187146677,0.157050599713038,1000,"No. replications: 20","N =  1000","N per replication =  50","N original =  ","V =  0.01","True P =  0.05","Normal"
20,0.01,50,0.05,"t.scaled",1024,0.1060546875,0.0560546875,NA,0.99163179916318,0.0110385737414468,0.119082751614872,1000,"No. replications: 20","N =  1000","N per replication =  50","N original =  ","V =  0.01","True P =  0.05","t"
20,0.01,50,0.05,"unif2",1024,0.196484375,0.146484375,NA,0.996415770609319,0.0240149987781038,0.213243220049887,1000,"No. replications: 20","N =  1000","N per replication =  50","N original =  ","V =  0.01","True P =  0.05","Uniform mixture"
20,0.01,50,0.1,"expo",1024,0.18583984375,0.08583984375,NA,0.997546012269939,0.0248677201704544,0.17954442053564,1000,"No. replications: 20","N =  1000","N per replication =  50","N original =  ","V =  0.01","True P =  0.10","Exponential"
20,0.01,50,0.1,"normal",1024,0.187939453125,0.087939453125,NA,0.995098039215686,0.0235371967214994,0.176834793345154,1000,"No. replications: 20","N =  1000","N per replication =  50","N original =  ","V =  0.01","True P =  0.10","Normal"
20,0.01,50,0.1,"t.scaled",1024,0.174365234375,0.074365234375,NA,0.997638724911452,0.0169741812339626,0.150014563685034,1000,"No. replications: 20","N =  1000","N per replication =  50","N original =  ","V =  0.01","True P =  0.10","t"
20,0.01,50,0.1,"unif2",1024,0.201513671875,0.101513671875,NA,0.997587454764777,0.0274390555313723,0.194278359857493,1000,"No. replications: 20","N =  1000","N per replication =  50","N original =  ","V =  0.01","True P =  0.10","Uniform mixture"
20,0.01,300,0.05,"expo",1024,0.046630859375,-0.003369140625,NA,1,0.00365677073787267,0.0605650216414037,6000,"No. replications: 20","N =  6000","N per replication =  300","N original =  ","V =  0.01","True P =  0.05","Exponential"
20,0.01,300,0.05,"normal",1024,0.060009765625,0.010009765625,NA,0.996627318718381,0.00478484838938783,0.0698930883367967,6000,"No. replications: 20","N =  6000","N per replication =  300","N original =  ","V =  0.01","True P =  0.05","Normal"
20,0.01,300,0.05,"t.scaled",1024,0.056591796875,0.006591796875,NA,0.998330550918197,0.00390811864232041,0.0628615178655564,6000,"No. replications: 20","N =  6000","N per replication =  300","N original =  ","V =  0.01","True P =  0.05","t"
20,0.01,300,0.05,"unif2",1024,0.098583984375,0.048583984375,NA,0.995896032831737,0.00893005550082474,0.106256571742998,6000,"No. replications: 20","N =  6000","N per replication =  300","N original =  ","V =  0.01","True P =  0.05","Uniform mixture"
20,0.01,300,0.1,"expo",1024,0.109375,0.009375,NA,1,0.00894428152492667,0.0950377406608905,6000,"No. replications: 20","N =  6000","N per replication =  300","N original =  ","V =  0.01","True P =  0.10","Exponential"
20,0.01,300,0.1,"normal",1024,0.104443359375,0.004443359375,NA,1,0.00934240734588837,0.0967582078607482,6000,"No. replications: 20","N =  6000","N per replication =  300","N original =  ","V =  0.01","True P =  0.10","Normal"
20,0.01,300,0.1,"t.scaled",1024,0.117529296875,0.017529296875,NA,1,0.00838499425326857,0.0932323468663128,6000,"No. replications: 20","N =  6000","N per replication =  300","N original =  ","V =  0.01","True P =  0.10","t"
20,0.01,300,0.1,"unif2",1024,0.124462890625,0.024462890625,NA,0.997560975609756,0.0102538656792216,0.104174366794103,6000,"No. replications: 20","N =  6000","N per replication =  300","N original =  ","V =  0.01","True P =  0.10","Uniform mixture"
20,0.01,300,0.5,"normal",1024,0.48935546875,-0.01064453125,NA,0.992102665350444,0.0285815978586265,0.169395702141934,6000,"No. replications: 20","N =  6000","N per replication =  300","N original =  ","V =  0.01","True P =  0.50","Normal"
20,0.25,50,0.05,"expo",1024,0.039111328125,-0.010888671875,NA,1,0.00243019678259405,0.0504852449513268,1000,"No. replications: 20","N =  1000","N per replication =  50","N original =  ","V =  0.25","True P =  0.05","Exponential"
20,0.25,50,0.05,"normal",752,0.0482047872340426,-0.00179521276595745,NA,1,0.00277640008357651,0.0527221288687356,1000,"No. replications: 20","N =  1000","N per replication =  50","N original =  ","V =  0.25","True P =  0.05","Normal"
20,0.25,50,0.05,"t.scaled",928,0.0451508620689655,-0.00484913793103448,NA,1,0.00243061367778896,0.0495391543777562,1000,"No. replications: 20","N =  1000","N per replication =  50","N original =  ","V =  0.25","True P =  0.05","t"
20,0.25,50,0.05,"unif2",1024,0.08466796875,0.03466796875,NA,0.991048593350384,0.00533654653897853,0.0808604637398865,1000,"No. replications: 20","N =  1000","N per replication =  50","N original =  ","V =  0.25","True P =  0.05","Uniform mixture"
20,0.25,50,0.1,"expo",1024,0.086669921875,-0.013330078125,NA,0.99873257287706,0.00519114802892839,0.0732723618545696,1000,"No. replications: 20","N =  1000","N per replication =  50","N original =  ","V =  0.25","True P =  0.10","Exponential"
20,0.25,50,0.1,"normal",1024,0.094921875,-0.005078125,NA,0.99878197320341,0.00558024804496576,0.0748734625784155,1000,"No. replications: 20","N =  1000","N per replication =  50","N original =  ","V =  0.25","True P =  0.10","Normal"
20,0.25,50,0.1,"t.scaled",1024,0.10283203125,0.00283203125,NA,0.998858447488584,0.00543185445686704,0.0737555073053397,1000,"No. replications: 20","N =  1000","N per replication =  50","N original =  ","V =  0.25","True P =  0.10","t"
20,0.25,50,0.1,"unif2",1024,0.106591796875,0.006591796875,NA,0.997658079625293,0.00698240994241817,0.0838204135545717,1000,"No. replications: 20","N =  1000","N per replication =  50","N original =  ","V =  0.25","True P =  0.10","Uniform mixture"
20,0.25,300,0.05,"expo",1024,0.05126953125,0.00126953125,NA,1,0.0026034698038856,0.0510399991524327,6000,"No. replications: 20","N =  6000","N per replication =  300","N original =  ","V =  0.25","True P =  0.05","Exponential"
20,0.25,300,0.05,"normal",1024,0.0484375,-0.0015625,NA,1,0.00240224828934508,0.0490376355016744,6000,"No. replications: 20","N =  6000","N per replication =  300","N original =  ","V =  0.25","True P =  0.05","Normal"
20,0.25,300,0.05,"t.scaled",1024,0.047705078125,-0.002294921875,NA,1,0.00213304685590786,0.0462419022350964,6000,"No. replications: 20","N =  6000","N per replication =  300","N original =  ","V =  0.25","True P =  0.05","t"
20,0.25,300,0.05,"unif2",1024,0.0666015625,0.0166015625,NA,0.993386243386243,0.00329694373167159,0.0597708591967105,6000,"No. replications: 20","N =  6000","N per replication =  300","N original =  ","V =  0.25","True P =  0.05","Uniform mixture"
20,0.25,300,0.1,"expo",1024,0.09326171875,-0.00673828125,NA,1,0.00422141335227276,0.0653208832340536,6000,"No. replications: 20","N =  6000","N per replication =  300","N original =  ","V =  0.25","True P =  0.10","Exponential"
20,0.25,300,0.1,"normal",1024,0.099267578125,-0.000732421875000001,NA,1,0.0046793261814211,0.0684095214368883,6000,"No. replications: 20","N =  6000","N per replication =  300","N original =  ","V =  0.25","True P =  0.10","Normal"
20,0.25,300,0.1,"t.scaled",1024,0.09755859375,-0.00244140625,NA,0.997752808988764,0.00453460066898825,0.0673836859593314,6000,"No. replications: 20","N =  6000","N per replication =  300","N original =  ","V =  0.25","True P =  0.10","t"
20,0.25,300,0.1,"unif2",1024,0.102734375,0.002734375,NA,0.997780244173141,0.00503650415444768,0.0710209895811675,6000,"No. replications: 20","N =  6000","N per replication =  300","N original =  ","V =  0.25","True P =  0.10","Uniform mixture"
20,0.25,300,0.5,"normal",736,0.5,4.98184269303589e-20,0.5,0.952445652173913,0.0133673469387755,0.115617243258847,6000,"No. replications: 20","N =  6000","N per replication =  300","N original =  ","V =  0.25","True P =  0.50","Normal"
25,0.002,50,0.05,"expo",1024,0.2244140625,0.1744140625,NA,0.991841491841492,0.028523996517595,0.24278439347567,1250,"No. replications: 25","N =  1250","N per replication =  50","N original =  ","V =  0.002","True P =  0.05","Exponential"
25,0.002,50,0.05,"normal",1024,0.2526953125,0.2026953125,NA,0.993079584775087,0.0367919461754643,0.279065110475919,1250,"No. replications: 25","N =  1250","N per replication =  50","N original =  ","V =  0.002","True P =  0.05","Normal"
25,0.002,50,0.05,"t.scaled",1024,0.208359375,0.158359375,NA,0.996487119437939,0.0252579117790811,0.224355974802259,1250,"No. replications: 25","N =  1250","N per replication =  50","N original =  ","V =  0.002","True P =  0.05","t"
25,0.002,50,0.05,"unif2",1024,0.292109375,0.242109375,NA,0.99554565701559,0.0418004337732164,0.316887019671218,1250,"No. replications: 25","N =  1250","N per replication =  50","N original =  ","V =  0.002","True P =  0.05","Uniform mixture"
25,0.002,50,0.1,"expo",1024,0.3096875,0.2096875,NA,0.997821350762527,0.041039980449658,0.2915627344259,1250,"No. replications: 25","N =  1250","N per replication =  50","N original =  ","V =  0.002","True P =  0.10","Exponential"
25,0.002,50,0.1,"normal",1024,0.2971875,0.1971875,NA,0.991160220994475,0.040168817204301,0.281161390237975,1250,"No. replications: 25","N =  1250","N per replication =  50","N original =  ","V =  0.002","True P =  0.10","Normal"
25,0.002,50,0.1,"t.scaled",1024,0.27234375,0.17234375,NA,0.99109131403118,0.0348128787878788,0.253998517617606,1250,"No. replications: 25","N =  1250","N per replication =  50","N original =  ","V =  0.002","True P =  0.10","t"
25,0.002,50,0.1,"unif2",1024,0.3170703125,0.2170703125,NA,0.994547437295529,0.0438357878176932,0.301587977854789,1250,"No. replications: 25","N =  1250","N per replication =  50","N original =  ","V =  0.002","True P =  0.10","Uniform mixture"
25,0.002,300,0.05,"expo",1024,0.0901953125,0.0401953125,NA,0.995614035087719,0.00892508400537629,0.10266814088289,7500,"No. replications: 25","N =  7500","N per replication =  300","N original =  ","V =  0.002","True P =  0.05","Exponential"
25,0.002,300,0.05,"normal",1024,0.1273828125,0.0773828125,NA,0.994701986754967,0.0138793606427175,0.140951978748536,7500,"No. replications: 25","N =  7500","N per replication =  300","N original =  ","V =  0.002","True P =  0.05","Normal"
25,0.002,300,0.05,"t.scaled",1024,0.0983984375,0.0483984375,NA,0.995940460081191,0.00850574138563059,0.104154453280078,7500,"No. replications: 25","N =  7500","N per replication =  300","N original =  ","V =  0.002","True P =  0.05","t"
25,0.002,300,0.05,"unif2",1024,0.1656640625,0.1156640625,NA,0.997652582159624,0.0167890014051808,0.173687008032221,7500,"No. replications: 25","N =  7500","N per replication =  300","N original =  ","V =  0.002","True P =  0.05","Uniform mixture"
25,0.002,300,0.1,"expo",1024,0.17515625,0.07515625,NA,0.993006993006993,0.0184695747800588,0.15529982837763,7500,"No. replications: 25","N =  7500","N per replication =  300","N original =  ","V =  0.002","True P =  0.10","Exponential"
25,0.002,300,0.1,"normal",1024,0.177109375,0.077109375,NA,0.991745283018868,0.0197578140273704,0.160323640615665,7500,"No. replications: 25","N =  7500","N per replication =  300","N original =  ","V =  0.002","True P =  0.10","Normal"
25,0.002,300,0.1,"t.scaled",1024,0.1683203125,0.0683203125,NA,0.991926182237601,0.0157289451979472,0.142816701747537,7500,"No. replications: 25","N =  7500","N per replication =  300","N original =  ","V =  0.002","True P =  0.10","t"
25,0.002,300,0.1,"unif2",544,0.190220588235294,0.0902205882352941,NA,0.991360691144708,0.019437151987867,0.166062959534598,7500,"No. replications: 25","N =  7500","N per replication =  300","N original =  ","V =  0.002","True P =  0.10","Uniform mixture"
25,0.002,300,0.5,"normal",1024,0.4967578125,-0.00324218749999999,NA,0.996019900497512,0.0393122540933528,0.198299687022289,7500,"No. replications: 25","N =  7500","N per replication =  300","N original =  ","V =  0.002","True P =  0.50","Normal"
25,0.01,50,0.05,"expo",1024,0.094765625,0.044765625,NA,0.998525073746313,0.0104703262463343,0.111688349562409,1250,"No. replications: 25","N =  1250","N per replication =  50","N original =  ","V =  0.01","True P =  0.05","Exponential"
25,0.01,50,0.05,"normal",816,0.134313725490196,0.0843137254901961,NA,0.993527508090615,0.0146090990015638,0.147369953883415,1250,"No. replications: 25","N =  1250","N per replication =  50","N original =  ","V =  0.01","True P =  0.05","Normal"
25,0.01,50,0.05,"t.scaled",1024,0.0940625,0.0440625,NA,0.991537376586742,0.0088358748778104,0.103814155027435,1250,"No. replications: 25","N =  1250","N per replication =  50","N original =  ","V =  0.01","True P =  0.05","t"
25,0.01,50,0.05,"unif2",1024,0.156640625,0.106640625,NA,0.99625,0.0172805901759531,0.169271418368086,1250,"No. replications: 25","N =  1250","N per replication =  50","N original =  ","V =  0.01","True P =  0.05","Uniform mixture"
25,0.01,50,0.1,"expo",1024,0.179765625,0.079765625,NA,0.995294117647059,0.0208108932062562,0.164843708214468,1250,"No. replications: 25","N =  1250","N per replication =  50","N original =  ","V =  0.01","True P =  0.10","Exponential"
25,0.01,50,0.1,"normal",1024,0.1797265625,0.0797265625,NA,0.997503121098627,0.0233539818548386,0.172366779348298,1250,"No. replications: 25","N =  1250","N per replication =  50","N original =  ","V =  0.01","True P =  0.10","Normal"
25,0.01,50,0.1,"t.scaled",1024,0.1626953125,0.0626953125,NA,0.994124559341951,0.0154093459799611,0.13906850178755,1250,"No. replications: 25","N =  1250","N per replication =  50","N original =  ","V =  0.01","True P =  0.10","t"
25,0.01,50,0.1,"unif2",1024,0.180546875,0.080546875,NA,1,0.0235289283968719,0.173253362071671,1250,"No. replications: 25","N =  1250","N per replication =  50","N original =  ","V =  0.01","True P =  0.10","Uniform mixture"
25,0.01,50,0.5,"normal",544,0.475661764705882,-0.0243382352941176,NA,0.98238747553816,0.0529225815187954,0.231332944510779,1250,"No. replications: 25","N =  1250","N per replication =  50","N original =  ","V =  0.01","True P =  0.50","Normal"
25,0.01,300,0.05,"expo",1024,0.0447265625,-0.0052734375,NA,0.996447602131439,0.00298839045698927,0.0549199380922419,7500,"No. replications: 25","N =  7500","N per replication =  300","N original =  ","V =  0.01","True P =  0.05","Exponential"
25,0.01,300,0.05,"normal",1024,0.05765625,0.00765625,NA,0.998412698412698,0.00389831378299119,0.0629041488858541,7500,"No. replications: 25","N =  7500","N per replication =  300","N original =  ","V =  0.01","True P =  0.05","Normal"
25,0.01,300,0.05,"t.scaled",1024,0.05640625,0.00640625,NA,0.998579545454545,0.00295559628543502,0.0547415411227847,7500,"No. replications: 25","N =  7500","N per replication =  300","N original =  ","V =  0.01","True P =  0.05","t"
25,0.01,300,0.05,"unif2",1024,0.0987890625,0.0487890625,NA,0.989911727616646,0.00757468077956985,0.0997750139022729,7500,"No. replications: 25","N =  7500","N per replication =  300","N original =  ","V =  0.01","True P =  0.05","Uniform mixture"
25,0.01,300,0.1,"expo",1024,0.096796875,-0.003203125,NA,0.996103896103896,0.00759715909090913,0.0872205199518712,7500,"No. replications: 25","N =  7500","N per replication =  300","N original =  ","V =  0.01","True P =  0.10","Exponential"
25,0.01,300,0.1,"normal",1024,0.103359375,0.003359375,NA,0.995079950799508,0.00791832233626599,0.0890483449405805,7500,"No. replications: 25","N =  7500","N per replication =  300","N original =  ","V =  0.01","True P =  0.10","Normal"
25,0.01,300,0.1,"t.scaled",1024,0.1145703125,0.0145703125,NA,0.992117117117117,0.0068725424608993,0.084171470625426,7500,"No. replications: 25","N =  7500","N per replication =  300","N original =  ","V =  0.01","True P =  0.10","t"
25,0.01,300,0.1,"unif2",1024,0.11421875,0.01421875,NA,0.993880048959608,0.00917866568914957,0.0968547290570371,7500,"No. replications: 25","N =  7500","N per replication =  300","N original =  ","V =  0.01","True P =  0.10","Uniform mixture"
25,0.01,300,0.5,"normal",1024,0.491953125,-0.00804687499999999,NA,0.983300589390963,0.0266425158846529,0.163423584839883,7500,"No. replications: 25","N =  7500","N per replication =  300","N original =  ","V =  0.01","True P =  0.50","Normal"
25,0.25,50,0.05,"expo",1024,0.0382421875,-0.0117578125,NA,1,0.00202545057429131,0.0465155536253892,1250,"No. replications: 25","N =  1250","N per replication =  50","N original =  ","V =  0.25","True P =  0.05","Exponential"
25,0.25,50,0.05,"normal",960,0.04475,-0.00525,NA,0.996710526315789,0.00216302398331596,0.0468037015984416,1250,"No. replications: 25","N =  1250","N per replication =  50","N original =  ","V =  0.25","True P =  0.05","Normal"
25,0.25,50,0.05,"t.scaled",1024,0.0461328125,-0.0038671875,NA,0.995575221238938,0.00198776728983384,0.0447517868804587,1250,"No. replications: 25","N =  1250","N per replication =  50","N original =  ","V =  0.25","True P =  0.05","t"
25,0.25,50,0.05,"unif2",1024,0.0873046875,0.0373046875,NA,0.982497082847141,0.00416477119990226,0.0745413369170081,1250,"No. replications: 25","N =  1250","N per replication =  50","N original =  ","V =  0.25","True P =  0.05","Uniform mixture"
25,0.25,50,0.1,"expo",1024,0.0886328125,-0.0113671875,NA,0.996531791907514,0.00431562652737048,0.0666696293602315,1250,"No. replications: 25","N =  1250","N per replication =  50","N original =  ","V =  0.25","True P =  0.10","Exponential"
25,0.25,50,0.1,"normal",1024,0.0945703125,-0.0054296875,NA,0.995480225988701,0.00456247403470184,0.0677639693424869,1250,"No. replications: 25","N =  1250","N per replication =  50","N original =  ","V =  0.25","True P =  0.10","Normal"
25,0.25,50,0.1,"t.scaled",1024,0.100078125,7.81250000000004e-05,NA,0.995703544575725,0.00434173387096777,0.0658918809451012,1250,"No. replications: 25","N =  1250","N per replication =  50","N original =  ","V =  0.25","True P =  0.10","t"
25,0.25,50,0.1,"unif2",1024,0.1096484375,0.0096484375,NA,0.990384615384615,0.00494611284213103,0.0709873593558912,1250,"No. replications: 25","N =  1250","N per replication =  50","N original =  ","V =  0.25","True P =  0.10","Uniform mixture"
25,0.25,300,0.05,"expo",864,0.0477777777777778,-0.00222222222222222,NA,0.996527777777778,0.00209007338740825,0.0457712973271808,7500,"No. replications: 25","N =  7500","N per replication =  300","N original =  ","V =  0.25","True P =  0.05","Exponential"
25,0.25,300,0.05,"normal",1024,0.0494140625,-0.000585937500000001,NA,1,0.00199613728005866,0.044681994167814,7500,"No. replications: 25","N =  7500","N per replication =  300","N original =  ","V =  0.25","True P =  0.05","Normal"
25,0.25,300,0.05,"t.scaled",1024,0.049296875,-0.000703125000000001,NA,1,0.00187477394916909,0.0433043685317627,7500,"No. replications: 25","N =  7500","N per replication =  300","N original =  ","V =  0.25","True P =  0.05","t"
25,0.25,300,0.05,"unif2",1024,0.0687109375,0.0187109375,NA,0.990453460620525,0.00281436797409579,0.0562535968292224,7500,"No. replications: 25","N =  7500","N per replication =  300","N original =  ","V =  0.25","True P =  0.05","Uniform mixture"
25,0.25,300,0.1,"expo",1024,0.098046875,-0.001953125,NA,0.994600431965443,0.00391876221896381,0.0626304791314056,7500,"No. replications: 25","N =  7500","N per replication =  300","N original =  ","V =  0.25","True P =  0.10","Exponential"
25,0.25,300,0.1,"normal",1024,0.0997265625,-0.0002734375,NA,0.99572192513369,0.00388184109237535,0.062305022754524,7500,"No. replications: 25","N =  7500","N per replication =  300","N original =  ","V =  0.25","True P =  0.10","Normal"
25,0.25,300,0.1,"t.scaled",1024,0.10046875,0.00046875,NA,0.994720168954593,0.00383164711632452,0.0619020746250642,7500,"No. replications: 25","N =  7500","N per replication =  300","N original =  ","V =  0.25","True P =  0.10","t"
25,0.25,300,0.1,"unif2",1024,0.1007421875,0.0007421875,NA,0.994720168954593,0.00375937041788855,0.0613181968111726,7500,"No. replications: 25","N =  7500","N per replication =  300","N original =  ","V =  0.25","True P =  0.10","Uniform mixture"
25,0.25,300,0.5,"normal",1024,0.495859375,-0.00414062499999999,0.4958203125,0.9248046875,0.0109779508797654,0.104857501663715,7500,"No. replications: 25","N =  7500","N per replication =  300","N original =  ","V =  0.25","True P =  0.50","Normal"
